BLOCK_TIMESTAMP,BLOCK_ID,TX_ID,SIGNERS,SUCCEEDED,INDEX,INNER_INDEX,EVENT_TYPE,PROGRAM_ID,DECODED_INSTRUCTION,DECODED_ACCOUNTS,DECODED_ARGS,DECODING_ERROR,EZ_EVENTS_DECODED_ID,INSERTED_TIMESTAMP,MODIFIED_TIMESTAMP
2022-12-31 05:14:45.000,170008954,3Q1ermSEGsuXvLEqkCFwSp7An5s3kTtgGSaUgC8kp6rPV6T4ELZDzLjGaotUN2ddcXy1kjBrx35kceCLCpgzyWzX,"[""Gb2tVHqnEmXEqcqdv5LSwgEusEyP3Yhwy9Gu7D1VBS9z""]",false,0,"null","null",cjg3oHmg9uuPsP8D6g29NWvhySJkdYdAo9D25PRbKXJ,"{""error"":""Error: Unknown instruction, IDL doesnt include this instruction""}","null","null",Error: Unknown instruction, IDL doesnt include this instruction,c123ceed6c499d4185d83daf4139f6f9,2024-02-01 17:23:47.546,2024-02-01 17:23:47.546
2022-12-31 00:27:35.000,169972125,ZYNPxedjKxSY3UPpLFUjrhyZMnJV1t8PqrwvTWCAWYrLwGiPUT8GifXpjvoTJ65M371AbfQK8JqxHCum9TDpCAQ,"[""6fhjrYHYfhymJsmwLaRBKZXMK2ChYErkteE7jK6h236e""]",false,0,"null","null",cjg3oHmg9uuPsP8D6g29NWvhySJkdYdAo9D25PRbKXJ,"{""error"":""Error: Unknown instruction, IDL doesnt include this instruction""}","null","null",Error: Unknown instruction, IDL doesnt include this instruction,16e6e3a0820a764d95550afeb0f3224c,2024-02-01 17:23:47.546,2024-02-01 17:23:47.546
2022-12-31 03:47:01.000,169997599,4QYh6gmqVzYAqBfCTTGShnHs2tJBbAB2HJ1mqs4JWsMJZ3J5hXcSm5Mz6aYF9ypGR9nCKfS884FgC2CVvZS5WjdG,"[""6fhjrYHYfhymJsmwLaRBKZXMK2ChYErkteE7jK6h236e""]",false,0,"null","null",cjg3oHmg9uuPsP8D6g29NWvhySJkdYdAo9D25PRbKXJ,"{""error"":""Error: Unknown instruction, IDL doesnt include this instruction""}","null","null",Error: Unknown instruction, IDL doesnt include this instruction,e06a1f5dcd889d23200a1f84c2bf7823,2024-02-01 17:23:47.546,2024-02-01 17:23:47.546
2022-12-31 01:47:50.000,169982230,3yDmA9TLb3rHzf7PiXdnhsmXBT4gJ8GFEXMo619Nj5QL9yZsjM3TcqRviJJrMmAYJuoJyD9kNzuCKpJyLRFb5Hpg,"[""JB9rUrid4jSmXvVr2M3F6uR2Zw5kzL392iwWyz34W293""]",false,0,"null","null",cjg3oHmg9uuPsP8D6g29NWvhySJkdYdAo9D25PRbKXJ,"{""error"":""Error: Unknown instruction, IDL doesnt include this instruction""}","null","null",Error: Unknown instruction, IDL doesnt include this instruction,06a9ec9df9d2e6a213419ca7b3ee72ae,2024-02-01 17:23:47.546,2024-02-01 17:23:47.546
2022-12-31 02:14:12.000,169985574,2nNeqRGPBRzAo5SThW5ZDTae9SMBjEErBYygprAkjKB8DigK6nDzouY4sxYhjG47FSKgCU1TbDqAXibgzXW7K7kh,"[""5od8t5kD2gVZvbMfYUJTfjy2FdqsAEkd8EeLvcaWQqBG""]",false,0,"null","null",cjg3oHmg9uuPsP8D6g29NWvhySJkdYdAo9D25PRbKXJ,"{""error"":""Error: Unknown instruction, IDL doesnt include this instruction""}","null","null",Error: Unknown instruction, IDL doesnt include this instruction,3bd601a1c98fd25fa8a6a4f97dd62e60,2024-02-01 17:23:47.546,2024-02-01 17:23:47.546
2022-12-31 05:47:02.000,170013140,5KB9ZQLvuJGVt7TakM4jhEQPNxhE51RWTFiGxkVLRqpyQ2MC43b6aZNZ1soGdDLknsgNH2VpYmwPBEhCTatGkK44,"[""BEMZ2yGTwLfxb1tmWHJzURaDSwobp5L6Z6JKMATMyYK3""]",false,0,"null","null",cjg3oHmg9uuPsP8D6g29NWvhySJkdYdAo9D25PRbKXJ,"{""error"":""Error: Unknown instruction, IDL doesnt include this instruction""}","null","null",Error: Unknown instruction, IDL doesnt include this instruction,8c40a31a48af67d1b76ae5ae9e4b6b19,2024-02-01 17:23:47.546,2024-02-01 17:23:47.546
2022-12-31 07:17:51.000,170025010,44Cv67J8Du8sATReCdJA5FtsGaSPrL4gK4wpKpoyLXYuXX74WnvfUHzvXG7Gd9UaApDgiX7RWxtMsKnEiASLQzbZ,"[""6rRiMihF7UdJz25t5QvS7PgP9yzfubN7TBRv26ZBVAhE""]",false,0,"null","null",cjg3oHmg9uuPsP8D6g29NWvhySJkdYdAo9D25PRbKXJ,"{""error"":""Error: Unknown instruction, IDL doesnt include this instruction""}","null","null",Error: Unknown instruction, IDL doesnt include this instruction,73897038572cdfef30304fb075625d78,2024-02-01 17:23:47.546,2024-02-01 17:23:47.546
2022-12-31 10:40:25.000,170051510,4h7V8N3aoBM3jnYk29xYQt1s59dsYHVcde6hxn4ZKCnGHHcMdtWNvfbtKw2R8MSX6TNkCwds4S4t4yP6yejZvKbB,"[""8c8inJVLSSvF9Kgxm4YJ88v5bNUS3wDRX23GFgbVjXxU""]",false,0,"null","null",cjg3oHmg9uuPsP8D6g29NWvhySJkdYdAo9D25PRbKXJ,"{""error"":""Error: Unknown instruction, IDL doesnt include this instruction""}","null","null",Error: Unknown instruction, IDL doesnt include this instruction,3d9936bf18703ed442755522cbb52340,2024-02-01 17:23:47.546,2024-02-01 17:23:47.546
2022-12-31 07:53:42.000,170029672,3L98rCUTMFBSeVbgWgqU2bu48nYm4XRKFfnqVHVf8RYXxbz7yaXAbSCtJsP6NmHqLC7ZycbM1rHNobBNFaEDLnCQ,"[""9dcqpTqBJu2tiGPBrCZLXRx5REqWHSPWtjXjza9k63mc""]",true,0,"null","null",cjg3oHmg9uuPsP8D6g29NWvhySJkdYdAo9D25PRbKXJ,"{""error"":""Error: Unknown instruction, IDL doesnt include this instruction""}","null","null",Error: Unknown instruction, IDL doesnt include this instruction,cd16bf52a674a86d310c8cc3d868dbd6,2024-02-01 17:23:47.546,2024-02-01 17:23:47.546
2022-12-31 04:19:59.000,170001899,57fKsd5aCDRMrjanqfmGT2BcYEFoMsnzWUxBZQFonGwinw8EcexXa4JTT4RM3QAVZkHc8RfsTdbpHihN5qEYh983,"[""5od8t5kD2gVZvbMfYUJTfjy2FdqsAEkd8EeLvcaWQqBG""]",false,0,"null","null",cjg3oHmg9uuPsP8D6g29NWvhySJkdYdAo9D25PRbKXJ,"{""error"":""Error: Unknown instruction, IDL doesnt include this instruction""}","null","null",Error: Unknown instruction, IDL doesnt include this instruction,a0b8be16edc90cf31df71ab5d62b8753,2024-02-01 17:23:47.546,2024-02-01 17:23:47.546
2022-12-31 07:21:31.000,170025491,4zda5xEadxFT6R2yXuHRQFuDAxDgjsNMn4V3jTAJqHmpsgPKtmnkr3Csfuf8Pg543AP5s3cq32jyYNdFRSrSZp9r,"[""DDws22Z91d3ZzxPFCqvh1BWZY1zyZzLzGHVXXQw5bhwc""]",false,0,"null","null",cjg3oHmg9uuPsP8D6g29NWvhySJkdYdAo9D25PRbKXJ,"{""error"":""Error: Unknown instruction, IDL doesnt include this instruction""}","null","null",Error: Unknown instruction, IDL doesnt include this instruction,160148c2efe1eed8eb9b1544c3a5ea1f,2024-02-01 17:23:47.546,2024-02-01 17:23:47.546
2022-12-31 04:51:49.000,170005954,5S2YoECqWNjtyhx9hq9vhh4r7VXC85UKgXehUGWMZAjKRBMhHGxmyuovi4Uemtw6978MMKevVbifihmQEYLy5YsX,"[""5od8t5kD2gVZvbMfYUJTfjy2FdqsAEkd8EeLvcaWQqBG""]",false,0,"null","null",cjg3oHmg9uuPsP8D6g29NWvhySJkdYdAo9D25PRbKXJ,"{""error"":""Error: Unknown instruction, IDL doesnt include this instruction""}","null","null",Error: Unknown instruction, IDL doesnt include this instruction,9d4c24ac7e7c2ae621b5f9ceef872597,2024-02-01 17:23:47.546,2024-02-01 17:23:47.546
2022-12-31 01:51:02.000,169982628,3BCiH8QFHMhNNCKesCmFikLqSR7f9uggXX4WkYvaFHMftzWyHva2q2aAo5zosDbNqWA7HtMUGjMfa13RpQug9YKg,"[""BEMZ2yGTwLfxb1tmWHJzURaDSwobp5L6Z6JKMATMyYK3""]",false,0,"null","null",cjg3oHmg9uuPsP8D6g29NWvhySJkdYdAo9D25PRbKXJ,"{""error"":""Error: Unknown instruction, IDL doesnt include this instruction""}","null","null",Error: Unknown instruction, IDL doesnt include this instruction,b00947a69d127c3a724d4e8b67518097,2024-02-01 17:23:47.546,2024-02-01 17:23:47.546
2022-12-31 04:05:38.000,170000040,2XLYBt6wBA6DfhsHbh9orQnqGaSyhPESXDWLdAkzqbwCJ2HxSuyD3J2KAgJhMQkhetYG2ExHBgVDFKy8uodgeBe2,"[""8c8inJVLSSvF9Kgxm4YJ88v5bNUS3wDRX23GFgbVjXxU""]",false,0,"null","null",cjg3oHmg9uuPsP8D6g29NWvhySJkdYdAo9D25PRbKXJ,"{""error"":""Error: Unknown instruction, IDL doesnt include this instruction""}","null","null",Error: Unknown instruction, IDL doesnt include this instruction,09e7460f081adbb39214e3e4f81c73a7,2024-02-01 17:23:47.546,2024-02-01 17:23:47.546
2022-12-31 01:25:23.000,169979322,4prDhNxBtMRffSbzNdZTQHczAKZU1JaPcRudmrrgeUJBj3Mv72J9YnkyYzdzGyUvFs6v7CMRvMB7BdZdyg8F2Pu1,"[""Gb2tVHqnEmXEqcqdv5LSwgEusEyP3Yhwy9Gu7D1VBS9z""]",false,0,"null","null",cjg3oHmg9uuPsP8D6g29NWvhySJkdYdAo9D25PRbKXJ,"{""error"":""Error: Unknown instruction, IDL doesnt include this instruction""}","null","null",Error: Unknown instruction, IDL doesnt include this instruction,1b7b23f2c92acfdb17fc78dd505084aa,2024-02-01 17:23:47.546,2024-02-01 17:23:47.546
2022-12-31 04:18:40.000,170001726,3w3wFeNtUp3mjGXesbjJUvnUG1EJQM4zQsqC1g7ArkhVSfT9cFcJpSEC93hjbhnfo1gt5bDRHf7mMhztSeHKcWf7,"[""5dDyfdy9fannAdHEkYghgQpiPZrQPHadxBLa1WsGHPFi""]",false,0,"null","null",cjg3oHmg9uuPsP8D6g29NWvhySJkdYdAo9D25PRbKXJ,"{""error"":""Error: Unknown instruction, IDL doesnt include this instruction""}","null","null",Error: Unknown instruction, IDL doesnt include this instruction,19a24ac42efcb3a0e0ba3d7a682a880b,2024-02-01 17:23:47.546,2024-02-01 17:23:47.546
2022-12-31 03:14:04.000,169993334,3FD23ik3NfX8L3AQ2HtQnXJEXcrH95JnLBDT6cBt98z4y5Lt7YyvSB9bEMbHrGqbkkAem2CMKPAm2Tek6BtN3xDU,"[""6fhjrYHYfhymJsmwLaRBKZXMK2ChYErkteE7jK6h236e""]",false,0,"null","null",cjg3oHmg9uuPsP8D6g29NWvhySJkdYdAo9D25PRbKXJ,"{""error"":""Error: Unknown instruction, IDL doesnt include this instruction""}","null","null",Error: Unknown instruction, IDL doesnt include this instruction,ab8e406633f6374888d6d335a01ad0b1,2024-02-01 17:23:47.546,2024-02-01 17:23:47.546
2022-12-31 10:00:45.000,170046320,3ExkY2gVFgnBdfFCjWdPaMhzxc1ocpCihpb5Luo2TNgcbEy5eKPNc9feS9CtjA4BeR1vbyUWdMsvKpJCR1nae9Nq,"[""DDws22Z91d3ZzxPFCqvh1BWZY1zyZzLzGHVXXQw5bhwc""]",false,0,"null","null",cjg3oHmg9uuPsP8D6g29NWvhySJkdYdAo9D25PRbKXJ,"{""error"":""Error: Unknown instruction, IDL doesnt include this instruction""}","null","null",Error: Unknown instruction, IDL doesnt include this instruction,c739c14a700c95e1fe972583f6299ece,2024-02-01 17:23:47.546,2024-02-01 17:23:47.546
2022-12-31 07:36:23.000,170027427,2CPbAfsC9s1bs4MSsnRjwPfCfyxrMWJmXE9Jyp747736QEatHknjt8f7wKoZjc5DTMjE1FGRn11W91F5WvUKkFoj,"[""BwEkdn8SgNQZkZJhEQStmv4MPEZtqHjurKVxJycGRYLm""]",false,0,"null","null",cjg3oHmg9uuPsP8D6g29NWvhySJkdYdAo9D25PRbKXJ,"{""error"":""Error: Unknown instruction, IDL doesnt include this instruction""}","null","null",Error: Unknown instruction, IDL doesnt include this instruction,4e50a8020027e5efaceaedfed0bc30f0,2024-02-01 17:23:47.546,2024-02-01 17:23:47.546
2022-12-31 03:57:58.000,169999043,iqZYFvA6s4oqSvWpYaEGUUfpqzppE5AW3Prgyn5pNty8GsGmbHLGviATmGRYMa18D1gSfaBdZz9YdDMdzz27DBx,"[""BEMZ2yGTwLfxb1tmWHJzURaDSwobp5L6Z6JKMATMyYK3""]",false,0,"null","null",cjg3oHmg9uuPsP8D6g29NWvhySJkdYdAo9D25PRbKXJ,"{""error"":""Error: Unknown instruction, IDL doesnt include this instruction""}","null","null",Error: Unknown instruction, IDL doesnt include this instruction,bda7800d151e68949791051aa9faca79,2024-02-01 17:23:47.546,2024-02-01 17:23:47.546
2022-12-31 01:10:55.000,169977474,5DmJu96ETcaMMbAXNB1iL9AffXzdGzobiXusehX1egPhGF1SQ9tNoApNxfAsAeNRLSoptjAps1FWH8eDJGgmpExC,"[""9xmyHHdJvryP82a1QwzcAueFhGHG9NfdfSdPp64xduCG""]",false,0,"null","null",cjg3oHmg9uuPsP8D6g29NWvhySJkdYdAo9D25PRbKXJ,"{""error"":""Error: Unknown instruction, IDL doesnt include this instruction""}","null","null",Error: Unknown instruction, IDL doesnt include this instruction,2593da5a6e8a99e79b85a828f1005ba0,2024-02-01 17:23:47.546,2024-02-01 17:23:47.546
2022-12-31 04:22:27.000,170002215,FWpUR4M2YdahBqkED5rk4DitPcYWn29qDgGZJiDkJRq2iiTXqCmAzvKoKieMfd4AnJBywBtdXm1xvcJYnkVtamT,"[""DDws22Z91d3ZzxPFCqvh1BWZY1zyZzLzGHVXXQw5bhwc""]",false,0,"null","null",cjg3oHmg9uuPsP8D6g29NWvhySJkdYdAo9D25PRbKXJ,"{""error"":""Error: Unknown instruction, IDL doesnt include this instruction""}","null","null",Error: Unknown instruction, IDL doesnt include this instruction,a75d0c25432ecc7bdc5232faf2e448b7,2024-02-01 17:23:47.546,2024-02-01 17:23:47.546
2022-12-31 08:33:56.000,170034849,2qxKvAr9phU3m3nYBCmukeUreiRJ7B2yTQhN5GbwZZms9guV7TAYFHJkZKRiEobnTtnjpKtaUpf5AmbNGpk4KV5N,"[""9xmyHHdJvryP82a1QwzcAueFhGHG9NfdfSdPp64xduCG""]",true,0,"null","null",cjg3oHmg9uuPsP8D6g29NWvhySJkdYdAo9D25PRbKXJ,"{""error"":""Error: Unknown instruction, IDL doesnt include this instruction""}","null","null",Error: Unknown instruction, IDL doesnt include this instruction,4e6c44e950a4636eeb4d170611a61686,2024-02-01 17:23:47.546,2024-02-01 17:23:47.546
2022-12-31 01:05:44.000,169976831,4rhhqVACqpe3qGNiygeHTz2ZKigyJn1DYcHCSUdqgJTX1aNawSc53rYhz1mKTsccUHnEuAjbgMgrnY4MuP4hv3xh,"[""5dDyfdy9fannAdHEkYghgQpiPZrQPHadxBLa1WsGHPFi""]",false,0,"null","null",cjg3oHmg9uuPsP8D6g29NWvhySJkdYdAo9D25PRbKXJ,"{""error"":""Error: Unknown instruction, IDL doesnt include this instruction""}","null","null",Error: Unknown instruction, IDL doesnt include this instruction,ad89ff5afe73e70152f6a4fc76aacc0f,2024-02-01 17:23:47.546,2024-02-01 17:23:47.546
2022-12-31 06:47:07.000,170021004,5XLEhm1y4EwL6cjLJZVNL9ExVVWrkhWb4fdLeVVaEvkcekH9ThLqgcXC184ocP5dzWWhK13NgpAXzijba7imras,"[""6FpWeQow6SX9ABRMPgdW948fuoMMbEDWWieoPyMuWEVv""]",false,0,"null","null",cjg3oHmg9uuPsP8D6g29NWvhySJkdYdAo9D25PRbKXJ,"{""error"":""Error: Unknown instruction, IDL doesnt include this instruction""}","null","null",Error: Unknown instruction, IDL doesnt include this instruction,47a2b979c11a5d55acb34c3d9b497f38,2024-02-01 17:23:47.546,2024-02-01 17:23:47.546
2022-12-31 08:07:08.000,170031376,5R4wsCqfauWXvEsZiCnppBFr7xteCb1Tp6o1eeeH9hiQYPMEk3kyWLwC5kfB1s4mAMasFi9sWQj3vaB7MwFHpxS9,"[""DDws22Z91d3ZzxPFCqvh1BWZY1zyZzLzGHVXXQw5bhwc""]",false,0,"null","null",cjg3oHmg9uuPsP8D6g29NWvhySJkdYdAo9D25PRbKXJ,"{""error"":""Error: Unknown instruction, IDL doesnt include this instruction""}","null","null",Error: Unknown instruction, IDL doesnt include this instruction,e06156f2a2b9dfd34e91bc9340d0d426,2024-02-01 17:23:47.546,2024-02-01 17:23:47.546
2022-12-31 00:26:00.000,169971927,4xYDDHHy7Li7gXBthUv9K8Pj3J5B62YC9zbGYHBSCfULBXuNWr9vqnBk6uCnSZ7sR93rFDDgq4sP2pSEDy9ZhCvx,"[""6rRiMihF7UdJz25t5QvS7PgP9yzfubN7TBRv26ZBVAhE""]",false,0,"null","null",cjg3oHmg9uuPsP8D6g29NWvhySJkdYdAo9D25PRbKXJ,"{""error"":""Error: Unknown instruction, IDL doesnt include this instruction""}","null","null",Error: Unknown instruction, IDL doesnt include this instruction,4f740718971f58fb1bb4798030fe77c8,2024-02-01 17:23:47.546,2024-02-01 17:23:47.546
2022-12-31 01:11:04.000,169977495,2DDSScwfw4zHKiGGRMTUkgGnjFgrb1yefkdmXtFqVZdAsKwn7Z4wxUzimWx9EnxNi72knzH6Az7fxjefTy7whHQp,"[""7H2aMNigJrHi5TtXtDtEN9NFQRp5x7GQR48SUWdZ7SnW""]",false,0,"null","null",cjg3oHmg9uuPsP8D6g29NWvhySJkdYdAo9D25PRbKXJ,"{""error"":""Error: Unknown instruction, IDL doesnt include this instruction""}","null","null",Error: Unknown instruction, IDL doesnt include this instruction,18cfacbc9e3e1cd60c59ae593f774af7,2024-02-01 17:23:47.546,2024-02-01 17:23:47.546
2022-12-31 02:48:27.000,169990051,42a82AtSRwnjag4ZwHBCGsjsGT2W3VJPNpphCFgYfdw1kcMMhggm7zgkMUxftACtfgDAesQY5LfS53GFFQRpWrNj,"[""6rRiMihF7UdJz25t5QvS7PgP9yzfubN7TBRv26ZBVAhE""]",false,0,"null","null",cjg3oHmg9uuPsP8D6g29NWvhySJkdYdAo9D25PRbKXJ,"{""error"":""Error: Unknown instruction, IDL doesnt include this instruction""}","null","null",Error: Unknown instruction, IDL doesnt include this instruction,43d3b4408fda6abe39d8467be71a4437,2024-02-01 17:23:47.546,2024-02-01 17:23:47.546
2022-12-31 09:20:24.000,170040943,36HxPjWyofBEGbwqNUb24fgHq6rPEcUyXzWXqcXSCMn3Jghp9y5kae8C6aPhuJXbqqA7G9KiwxmwhipjecQadcNG,"[""JB9rUrid4jSmXvVr2M3F6uR2Zw5kzL392iwWyz34W293""]",false,0,"null","null",cjg3oHmg9uuPsP8D6g29NWvhySJkdYdAo9D25PRbKXJ,"{""error"":""Error: Unknown instruction, IDL doesnt include this instruction""}","null","null",Error: Unknown instruction, IDL doesnt include this instruction,a4143e19c865fafcca862a9658466062,2024-02-01 17:23:47.546,2024-02-01 17:23:47.546
2022-12-31 09:09:22.000,170039483,36qepmZXr3fwMB1vFW6s4SKhJGhjRHGVsFD6CBG711NBy5saLhp1u4Dciv7vXRHR37WPUK5pe8rtstNk3yK27G8N,"[""5od8t5kD2gVZvbMfYUJTfjy2FdqsAEkd8EeLvcaWQqBG""]",true,0,"null","null",cjg3oHmg9uuPsP8D6g29NWvhySJkdYdAo9D25PRbKXJ,"{""error"":""Error: Unknown instruction, IDL doesnt include this instruction""}","null","null",Error: Unknown instruction, IDL doesnt include this instruction,a2ac7bb1e69eb431bccc5cf6ffadf0c8,2024-02-01 17:23:47.546,2024-02-01 17:23:47.546
2022-12-31 07:38:33.000,170027702,3vHzbzVsC34jh8UCBeoo5KiAHyBBLqYu1EypHuTirDahNK6r4rxdc6YtH33ovXeT83vxzmpTb8JKUp4En61zfryv,"[""BEMZ2yGTwLfxb1tmWHJzURaDSwobp5L6Z6JKMATMyYK3""]",false,0,"null","null",cjg3oHmg9uuPsP8D6g29NWvhySJkdYdAo9D25PRbKXJ,"{""error"":""Error: Unknown instruction, IDL doesnt include this instruction""}","null","null",Error: Unknown instruction, IDL doesnt include this instruction,61ecbeaafb0af3dbb4f22d59b35f16b2,2024-02-01 17:23:47.546,2024-02-01 17:23:47.546
2022-12-31 02:02:08.000,169984013,41VkSUJhUQxg8HU4axS2ga4oECMx7A932GhPurUSsiX7YV9GExJzYG57uWCGpJqMB7eVUyN8oon9KBD5tQFdnwPf,"[""5dDyfdy9fannAdHEkYghgQpiPZrQPHadxBLa1WsGHPFi""]",false,0,"null","null",cjg3oHmg9uuPsP8D6g29NWvhySJkdYdAo9D25PRbKXJ,"{""error"":""Error: Unknown instruction, IDL doesnt include this instruction""}","null","null",Error: Unknown instruction, IDL doesnt include this instruction,f2354a3a7ea82a3c3785b867a91b8eb5,2024-02-01 17:23:47.546,2024-02-01 17:23:47.546
2022-12-31 03:56:26.000,169998849,5nF4LxeKUBXkr95GjSKKyYR5XnNTdxLecnLterdZXaHoTLyDccdbJgjHtP34JQgbUjJgJXMhTvmWtrkst6ybCrj4,"[""JB9rUrid4jSmXvVr2M3F6uR2Zw5kzL392iwWyz34W293""]",false,0,"null","null",cjg3oHmg9uuPsP8D6g29NWvhySJkdYdAo9D25PRbKXJ,"{""error"":""Error: Unknown instruction, IDL doesnt include this instruction""}","null","null",Error: Unknown instruction, IDL doesnt include this instruction,3483e2068d95d4968f7f47bba7bae273,2024-02-01 17:23:47.546,2024-02-01 17:23:47.546
2022-12-31 10:02:06.000,170046499,5H6y33Z3wTnYB5N9wQqvnC5XwjuXCrimATQbXjBhv1EdArFGdq2RmHYBz2VQt6tfiHvgmaPoDdRnPfqaRsAdyuGz,"[""BEMZ2yGTwLfxb1tmWHJzURaDSwobp5L6Z6JKMATMyYK3""]",false,0,"null","null",cjg3oHmg9uuPsP8D6g29NWvhySJkdYdAo9D25PRbKXJ,"{""error"":""Error: Unknown instruction, IDL doesnt include this instruction""}","null","null",Error: Unknown instruction, IDL doesnt include this instruction,3bd514ee3e71287dc0a94d989d0c4546,2024-02-01 17:23:47.546,2024-02-01 17:23:47.546
2022-12-31 02:21:46.000,169986552,4fvSxMjU8K3a4uW2Py1ZFwXpqVGBhKyvJzGmUsEDyX9U2K6VSVygutFpbcM17b4fPUi39CgDX38KrLxdJWXGdApM,"[""5od8t5kD2gVZvbMfYUJTfjy2FdqsAEkd8EeLvcaWQqBG""]",false,0,"null","null",cjg3oHmg9uuPsP8D6g29NWvhySJkdYdAo9D25PRbKXJ,"{""error"":""Error: Unknown instruction, IDL doesnt include this instruction""}","null","null",Error: Unknown instruction, IDL doesnt include this instruction,ab5d1255cd999cb3f8b9c90fbb38ec15,2024-02-01 17:23:47.546,2024-02-01 17:23:47.546
2022-12-31 07:43:55.000,170028396,4ShQHMQ4Szug9NBtj26GNx3sZbWTqnAyX8iSsku1Xr1q2PbJzkADsKPAngTcUbirPTVRAQXjyC3qkty4t9vzC6iT,"[""7H2aMNigJrHi5TtXtDtEN9NFQRp5x7GQR48SUWdZ7SnW""]",false,0,"null","null",cjg3oHmg9uuPsP8D6g29NWvhySJkdYdAo9D25PRbKXJ,"{""error"":""Error: Unknown instruction, IDL doesnt include this instruction""}","null","null",Error: Unknown instruction, IDL doesnt include this instruction,8d902d6c1587b228b8da8795c6edbb26,2024-02-01 17:23:47.546,2024-02-01 17:23:47.546
2022-12-31 03:47:33.000,169997662,3GVSoi56KBzy4fVDPCYqyARhKdJsUdcaVhMxD2ddHTYUGJdkDFN9hzTr8FhqBx5u7P1nyoTFxHqUFAEPEpWr6BFw,"[""DDws22Z91d3ZzxPFCqvh1BWZY1zyZzLzGHVXXQw5bhwc""]",false,0,"null","null",cjg3oHmg9uuPsP8D6g29NWvhySJkdYdAo9D25PRbKXJ,"{""error"":""Error: Unknown instruction, IDL doesnt include this instruction""}","null","null",Error: Unknown instruction, IDL doesnt include this instruction,49690287a8f0046ec4de59cfc213c97f,2024-02-01 17:23:47.546,2024-02-01 17:23:47.546
2022-12-31 07:20:57.000,170025416,62upHJvqrVa9uKGUThfwQX9iMZGJmzmhwL5n1k56x2JKqoN7TZ8aXX7HwDg7t4q8wn8L7UgmvoqY2xGJnwtKipP3,"[""5od8t5kD2gVZvbMfYUJTfjy2FdqsAEkd8EeLvcaWQqBG""]",false,0,"null","null",cjg3oHmg9uuPsP8D6g29NWvhySJkdYdAo9D25PRbKXJ,"{""error"":""Error: Unknown instruction, IDL doesnt include this instruction""}","null","null",Error: Unknown instruction, IDL doesnt include this instruction,ee8d9dcec2d618a271cc983d9711ae45,2024-02-01 17:23:47.546,2024-02-01 17:23:47.546
2022-12-31 09:11:47.000,170039803,25J2E5A2JQH4jBJWyZVywdK6J9qdF3yiGh5tidrbi6tsN24YDbbeL6nVRscSVdLYiZzJBcSLaJr3BSZf8Kr4eCT4,"[""HQUygbE1xW1JTiQSMxds3VcPe5ZjqzUrCE9gEaweohKK""]",false,0,"null","null",cjg3oHmg9uuPsP8D6g29NWvhySJkdYdAo9D25PRbKXJ,"{""error"":""Error: Unknown instruction, IDL doesnt include this instruction""}","null","null",Error: Unknown instruction, IDL doesnt include this instruction,b78bc7daf442ebe9300811670c583d7e,2024-02-01 17:23:47.546,2024-02-01 17:23:47.546
2022-12-31 05:37:30.000,170011866,5cwZ8KUU8mT4xHPn5GrBRPtrpEUCzhxhQZEWUKABFKdcFhuYr9gD9kFm7iCKyRubwn3XhHxdYNmttmPv2hhaU2YN,"[""Fhfv8uB5Sux1nWiw4ssDrbDdt26BPB4tfoW4Bm2on3rj""]",false,0,"null","null",cjg3oHmg9uuPsP8D6g29NWvhySJkdYdAo9D25PRbKXJ,"{""error"":""Error: Unknown instruction, IDL doesnt include this instruction""}","null","null",Error: Unknown instruction, IDL doesnt include this instruction,4499873a571b0b2f83dab7227aad99a0,2024-02-01 17:23:47.546,2024-02-01 17:23:47.546
2022-12-31 07:02:29.000,170023032,5dZvwvfBUb7MiexTt31YwWGhTZiAdayTKPKLWgRcXdZGZw9fXHWmnh6e9YaCqg7kz3rN5yZHzuGu6oPey2hABY2L,"[""8c8inJVLSSvF9Kgxm4YJ88v5bNUS3wDRX23GFgbVjXxU""]",false,0,"null","null",cjg3oHmg9uuPsP8D6g29NWvhySJkdYdAo9D25PRbKXJ,"{""error"":""Error: Unknown instruction, IDL doesnt include this instruction""}","null","null",Error: Unknown instruction, IDL doesnt include this instruction,97c006f8fde29188d5f7278d4c0029d9,2024-02-01 17:23:47.546,2024-02-01 17:23:47.546
2022-12-31 07:50:05.000,170029204,55Tp8VmbbRoAmS9jj9wkqoPfAmL943dz6apXjrri1YTEToVQSeu7qnphSoK5NrLVjfHPTDbH5KiVNevZtjAw4Neu,"[""BEMZ2yGTwLfxb1tmWHJzURaDSwobp5L6Z6JKMATMyYK3""]",false,0,"null","null",cjg3oHmg9uuPsP8D6g29NWvhySJkdYdAo9D25PRbKXJ,"{""error"":""Error: Unknown instruction, IDL doesnt include this instruction""}","null","null",Error: Unknown instruction, IDL doesnt include this instruction,14ffdb8cdbb9086f18e71c0d4ba87f74,2024-02-01 17:23:47.546,2024-02-01 17:23:47.546
2022-12-31 02:24:49.000,169986950,XHwYR4QwW7Dm4d65A5r7CudU3Y65LGTNhQ2Tmjfwyjd8dcRF5HunyMRKqaWTDLwABwkF6cbtcHLCvaWrpH5NUGC,"[""BwEkdn8SgNQZkZJhEQStmv4MPEZtqHjurKVxJycGRYLm""]",false,0,"null","null",cjg3oHmg9uuPsP8D6g29NWvhySJkdYdAo9D25PRbKXJ,"{""error"":""Error: Unknown instruction, IDL doesnt include this instruction""}","null","null",Error: Unknown instruction, IDL doesnt include this instruction,c3119561512de6a308fcaa335bab1e15,2024-02-01 17:23:47.546,2024-02-01 17:23:47.546
2022-12-31 07:59:17.000,170030382,5iosaE2BXdXR5va3y4fcy1RfMv4Mh4affK9nLU8S3rTXWWKGPscis7HbaVfKhiEWr9dhHQHn7kCbpxCtAEPc32JH,"[""6rRiMihF7UdJz25t5QvS7PgP9yzfubN7TBRv26ZBVAhE""]",false,0,"null","null",cjg3oHmg9uuPsP8D6g29NWvhySJkdYdAo9D25PRbKXJ,"{""error"":""Error: Unknown instruction, IDL doesnt include this instruction""}","null","null",Error: Unknown instruction, IDL doesnt include this instruction,245ceb1984239297d85cf990ed111172,2024-02-01 17:23:47.546,2024-02-01 17:23:47.546
2022-12-31 09:10:45.000,170039671,3aKqfqSB5JbKQwPD6LV3VWv4qocesxq5SHxpU6akya12SG9smjCXWsQUPeLeT9HhmGwM3tztFcwD9cvbwkH4bDKC,"[""6fhjrYHYfhymJsmwLaRBKZXMK2ChYErkteE7jK6h236e""]",false,0,"null","null",cjg3oHmg9uuPsP8D6g29NWvhySJkdYdAo9D25PRbKXJ,"{""error"":""Error: Unknown instruction, IDL doesnt include this instruction""}","null","null",Error: Unknown instruction, IDL doesnt include this instruction,80fc1be7684713d8ad6063c6579fee1c,2024-02-01 17:23:47.546,2024-02-01 17:23:47.546
2022-12-31 05:37:58.000,170011932,2UpqqJmVvrKetJx6UUXJV1JVrFVTGzetv5BGqHdzGbW6ZjbMW31qdwC9ekYtvG4q29dZEdE4E9PtkEjGxEVbr2J7,"[""HQUygbE1xW1JTiQSMxds3VcPe5ZjqzUrCE9gEaweohKK""]",false,0,"null","null",cjg3oHmg9uuPsP8D6g29NWvhySJkdYdAo9D25PRbKXJ,"{""error"":""Error: Unknown instruction, IDL doesnt include this instruction""}","null","null",Error: Unknown instruction, IDL doesnt include this instruction,88c1d1191ea0a49eef314a0949cdbd21,2024-02-01 17:23:47.546,2024-02-01 17:23:47.546
2022-12-31 04:42:21.000,170004750,4nZMucj2UzGdzzFgviMhwhzikUkEmJxvANbSNidzREMARrPa6Uad1eddozoNVM92gUBv7EL1oZPzL9jCY3FezYpK,"[""6FpWeQow6SX9ABRMPgdW948fuoMMbEDWWieoPyMuWEVv""]",false,0,"null","null",cjg3oHmg9uuPsP8D6g29NWvhySJkdYdAo9D25PRbKXJ,"{""error"":""Error: Unknown instruction, IDL doesnt include this instruction""}","null","null",Error: Unknown instruction, IDL doesnt include this instruction,e3d05d6100ce0284807034d0053177ce,2024-02-01 17:23:47.546,2024-02-01 17:23:47.546
2022-12-31 05:08:02.000,170008062,3z4QNoqF8h7n7ufU29KghbLDyq85p2N8sHc1CFh5bnPqooYEQ9tYNS7F2A2ceqQVuVDcJizkQnjyGUkdvEmmFrXj,"[""7H2aMNigJrHi5TtXtDtEN9NFQRp5x7GQR48SUWdZ7SnW""]",false,0,"null","null",cjg3oHmg9uuPsP8D6g29NWvhySJkdYdAo9D25PRbKXJ,"{""error"":""Error: Unknown instruction, IDL doesnt include this instruction""}","null","null",Error: Unknown instruction, IDL doesnt include this instruction,30315c50b9b7e2876a41f525d8dc01dc,2024-02-01 17:23:47.546,2024-02-01 17:23:47.546
2022-12-31 10:24:30.000,170049404,2RkdyHenAcsGBiMqB4WB5T27EFJrmdhheVvWNiCnGmFarvdMq3RTawqQSDsa7coyiVJLL9oBaor6wseFsdFoi6QS,"[""6rRiMihF7UdJz25t5QvS7PgP9yzfubN7TBRv26ZBVAhE""]",false,0,"null","null",cjg3oHmg9uuPsP8D6g29NWvhySJkdYdAo9D25PRbKXJ,"{""error"":""Error: Unknown instruction, IDL doesnt include this instruction""}","null","null",Error: Unknown instruction, IDL doesnt include this instruction,4023e1bdfcce8e59052c8c7fda78b502,2024-02-01 17:23:47.546,2024-02-01 17:23:47.546
2022-12-31 05:01:08.000,170007153,4JjjtvjQQHEgx1fWPcRtBMHGKbVYnT6kyhPvYsTa6dssp8ax3JMGnyguG7gdBGndcAPfveNqYrUhykykwQVfvSGz,"[""6rRiMihF7UdJz25t5QvS7PgP9yzfubN7TBRv26ZBVAhE""]",false,0,"null","null",cjg3oHmg9uuPsP8D6g29NWvhySJkdYdAo9D25PRbKXJ,"{""error"":""Error: Unknown instruction, IDL doesnt include this instruction""}","null","null",Error: Unknown instruction, IDL doesnt include this instruction,e4a2d56ccf5a688b37cbe409eb583c2d,2024-02-01 17:23:47.546,2024-02-01 17:23:47.546
2022-12-31 06:07:23.000,170015798,3tgEbQ4havV9CymXkTBZhDQYLLczNSkh4yUMXWKVqrLTAGy4ZVAj2LdwjKyE2DFsYdwTMhKQRrCmmMvQo1sbBUKw,"[""HQUygbE1xW1JTiQSMxds3VcPe5ZjqzUrCE9gEaweohKK""]",false,0,"null","null",cjg3oHmg9uuPsP8D6g29NWvhySJkdYdAo9D25PRbKXJ,"{""error"":""Error: Unknown instruction, IDL doesnt include this instruction""}","null","null",Error: Unknown instruction, IDL doesnt include this instruction,d98ee096d08c648655417d2de64cc04a,2024-02-01 17:23:47.546,2024-02-01 17:23:47.546
2022-12-31 07:32:24.000,170026928,5okLFTgHVSXY7WYouEZ22TfdS7VDGe6epvsWq8xGHioVUYoc1pfv5a9FDQyGsubsd5NFqsgwjbzEJdUuzKdyfuty,"[""6fhjrYHYfhymJsmwLaRBKZXMK2ChYErkteE7jK6h236e""]",false,0,"null","null",cjg3oHmg9uuPsP8D6g29NWvhySJkdYdAo9D25PRbKXJ,"{""error"":""Error: Unknown instruction, IDL doesnt include this instruction""}","null","null",Error: Unknown instruction, IDL doesnt include this instruction,3dabe902453af31a46d845d385cfa738,2024-02-01 17:23:47.546,2024-02-01 17:23:47.546
2022-12-31 06:09:49.000,170016125,pA8aVNXaHRqN7C7XoRoVgFEQb5TYVUfZKbGSMZCzPcGj7Qpsf26KDEZDLBy7Voq8anjdTggcnJVhcTAnsBDTgLm,"[""Gb2tVHqnEmXEqcqdv5LSwgEusEyP3Yhwy9Gu7D1VBS9z""]",false,0,"null","null",cjg3oHmg9uuPsP8D6g29NWvhySJkdYdAo9D25PRbKXJ,"{""error"":""Error: Unknown instruction, IDL doesnt include this instruction""}","null","null",Error: Unknown instruction, IDL doesnt include this instruction,908b37d0de0769a6872dc4880be85b53,2024-02-01 17:23:47.546,2024-02-01 17:23:47.546
2022-12-31 04:32:03.000,170003456,2DhirkGrjU6vXdvkV2N8fCK3T45FcsovC64aGhbuv33SWsS4mYvi161fhZzuMzxCydZDtW8odp6T7Quv2epdCXfV,"[""BwEkdn8SgNQZkZJhEQStmv4MPEZtqHjurKVxJycGRYLm""]",false,0,"null","null",cjg3oHmg9uuPsP8D6g29NWvhySJkdYdAo9D25PRbKXJ,"{""error"":""Error: Unknown instruction, IDL doesnt include this instruction""}","null","null",Error: Unknown instruction, IDL doesnt include this instruction,febf6ad540d76955009c515cfaf7cf93,2024-02-01 17:23:47.546,2024-02-01 17:23:47.546
2022-12-31 07:01:24.000,170022896,5QoLCBrVUkDANeJT9feUyE4AQS7gwm7UytKSCSMRAJ5fnVhVGx4KwanQoJiLJbEryufLFrwk8sBiFP4412ds9mSK,"[""HQUygbE1xW1JTiQSMxds3VcPe5ZjqzUrCE9gEaweohKK""]",false,0,"null","null",cjg3oHmg9uuPsP8D6g29NWvhySJkdYdAo9D25PRbKXJ,"{""error"":""Error: Unknown instruction, IDL doesnt include this instruction""}","null","null",Error: Unknown instruction, IDL doesnt include this instruction,e355caed8c77987f4f4c1df71353f4dc,2024-02-01 17:23:47.546,2024-02-01 17:23:47.546
2022-12-31 05:13:22.000,170008773,4UgohuzLHJJvfW7aBc3ancvJvuQEggwsGi5AaQGFEZjT3ZSP9wZRq2TefXVv5wR7yfbftwekS7b3JfLc5LwvVtfL,"[""6FpWeQow6SX9ABRMPgdW948fuoMMbEDWWieoPyMuWEVv""]",false,0,"null","null",cjg3oHmg9uuPsP8D6g29NWvhySJkdYdAo9D25PRbKXJ,"{""error"":""Error: Unknown instruction, IDL doesnt include this instruction""}","null","null",Error: Unknown instruction, IDL doesnt include this instruction,bba3e884b3264c2b0f9c534f3b506904,2024-02-01 17:23:47.546,2024-02-01 17:23:47.546
2022-12-31 08:25:41.000,170033780,27fzDK5bpe8tAe5xamFy2JG31ZsDrjKLfKWWXrWNaQgvzruq41Wnei3GrtQM9o37vdZESdd8MQxu9SiJT9HNgyDE,"[""8c8inJVLSSvF9Kgxm4YJ88v5bNUS3wDRX23GFgbVjXxU""]",false,0,"null","null",cjg3oHmg9uuPsP8D6g29NWvhySJkdYdAo9D25PRbKXJ,"{""error"":""Error: Unknown instruction, IDL doesnt include this instruction""}","null","null",Error: Unknown instruction, IDL doesnt include this instruction,5a89c4a01db90358d7e20ac12f367484,2024-02-01 17:23:47.546,2024-02-01 17:23:47.546
2022-12-31 03:39:14.000,169996606,3yDUaSorgxzVnTXbYbWYvBLNqZpxiAsBvGm3SrG6nfSo5M23kt5WytKsQjDnBvoGKNF2tNAjyWxrymSTQcp1p4oy,"[""Fhfv8uB5Sux1nWiw4ssDrbDdt26BPB4tfoW4Bm2on3rj""]",false,0,"null","null",cjg3oHmg9uuPsP8D6g29NWvhySJkdYdAo9D25PRbKXJ,"{""error"":""Error: Unknown instruction, IDL doesnt include this instruction""}","null","null",Error: Unknown instruction, IDL doesnt include this instruction,3aadbc936ab8cd76c2e6c3d338a06887,2024-02-01 17:23:47.546,2024-02-01 17:23:47.546
2022-12-31 04:29:36.000,170003136,2rC2eZyf6Gsm1c9upmMX5SRPz78buc2iQP815L889rKWV18EAKYJhgLvWv6umC4xWReYXwDqL9nTHwCHPWBXrf3t,"[""6rRiMihF7UdJz25t5QvS7PgP9yzfubN7TBRv26ZBVAhE""]",false,0,"null","null",cjg3oHmg9uuPsP8D6g29NWvhySJkdYdAo9D25PRbKXJ,"{""error"":""Error: Unknown instruction, IDL doesnt include this instruction""}","null","null",Error: Unknown instruction, IDL doesnt include this instruction,2a853225155a979f02a1e0a804eb6db5,2024-02-01 17:23:47.546,2024-02-01 17:23:47.546
2022-12-31 06:13:18.000,170016584,bMUkmaCZWJtDyNn8VxcfoSZDkdrKpaYrU1GJMoAF48VuckEAoZyZYbHpTzWP48fkVEQUQ3WQCHEUQbP5efPsy5D,"[""BwEkdn8SgNQZkZJhEQStmv4MPEZtqHjurKVxJycGRYLm""]",false,0,"null","null",cjg3oHmg9uuPsP8D6g29NWvhySJkdYdAo9D25PRbKXJ,"{""error"":""Error: Unknown instruction, IDL doesnt include this instruction""}","null","null",Error: Unknown instruction, IDL doesnt include this instruction,8f93de744da333c9d95996f399c0eb0e,2024-02-01 17:23:47.546,2024-02-01 17:23:47.546
2022-12-31 05:50:23.000,170013573,ZDWENM9GvYr6ATyoaSQrTQG3omFMBZxrUsrYbLgDgQAVCYxiiARRd8Wcbu3FZhnBvbWCBH3J3apbj1eckgnMWLV,"[""6rRiMihF7UdJz25t5QvS7PgP9yzfubN7TBRv26ZBVAhE""]",false,0,"null","null",cjg3oHmg9uuPsP8D6g29NWvhySJkdYdAo9D25PRbKXJ,"{""error"":""Error: Unknown instruction, IDL doesnt include this instruction""}","null","null",Error: Unknown instruction, IDL doesnt include this instruction,2f81945744e966dde4f8bf2aa0d4a590,2024-02-01 17:23:47.546,2024-02-01 17:23:47.546
2022-12-31 06:53:58.000,170021909,FNgjJabXJTjTSMoH7fZ7DMfypBJu6nQiek6nodZACgc6YGZKqsHqmEcjnLHNkWzxgAAYkDqncAQjjTN3J8CStRm,"[""5dDyfdy9fannAdHEkYghgQpiPZrQPHadxBLa1WsGHPFi""]",false,0,"null","null",cjg3oHmg9uuPsP8D6g29NWvhySJkdYdAo9D25PRbKXJ,"{""error"":""Error: Unknown instruction, IDL doesnt include this instruction""}","null","null",Error: Unknown instruction, IDL doesnt include this instruction,53f53e656384ef01312d7511dfdfb416,2024-02-01 17:23:47.546,2024-02-01 17:23:47.546
2022-12-31 09:04:12.000,170038792,2uD5LeQWrGCaP3L6QAv7uBc69LokNfM5LxKCVtjnSiRwrDazHuhCfjKW2eH5niHs3gKYKBJYpeqzob5mbEmSW9vM,"[""5dDyfdy9fannAdHEkYghgQpiPZrQPHadxBLa1WsGHPFi""]",false,0,"null","null",cjg3oHmg9uuPsP8D6g29NWvhySJkdYdAo9D25PRbKXJ,"{""error"":""Error: Unknown instruction, IDL doesnt include this instruction""}","null","null",Error: Unknown instruction, IDL doesnt include this instruction,b8acea800aa83346e4912b7cbd6b60dc,2024-02-01 17:23:47.546,2024-02-01 17:23:47.546
2022-12-31 00:37:09.000,169973312,3975ao9gTLQCXxzy7PpYQbhiJ5KqzZizFwPthMKf3FAsUwHue5kGHKrYA2qaX48HPYejnBV7kyktnHfWhzCF9tRr,"[""JB9rUrid4jSmXvVr2M3F6uR2Zw5kzL392iwWyz34W293""]",false,0,"null","null",cjg3oHmg9uuPsP8D6g29NWvhySJkdYdAo9D25PRbKXJ,"{""error"":""Error: Unknown instruction, IDL doesnt include this instruction""}","null","null",Error: Unknown instruction, IDL doesnt include this instruction,e62925a460dcf0e26e33b7986a1bac46,2024-02-01 17:23:47.546,2024-02-01 17:23:47.546
2022-12-31 02:52:56.000,169990633,ZugJ9wDrbGiQdRWx18BpZgP1v2gVYyRDuHJeJT38uM6mYRJry6eHPrPbf87pK5BFjcmKE3i2RFW3r9AVg3YPPGi,"[""JB9rUrid4jSmXvVr2M3F6uR2Zw5kzL392iwWyz34W293""]",false,0,"null","null",cjg3oHmg9uuPsP8D6g29NWvhySJkdYdAo9D25PRbKXJ,"{""error"":""Error: Unknown instruction, IDL doesnt include this instruction""}","null","null",Error: Unknown instruction, IDL doesnt include this instruction,ea3ee358e035832549e4f53d09255c60,2024-02-01 17:23:47.546,2024-02-01 17:23:47.546
2022-12-31 04:31:57.000,170003443,2Qwa1NsqNxwfbvKUmtvpyhfQRgebaxwhxUmf6Ze2wB4xjbGiU1v41bXvzwQirfyxmH3dsaDritEB2QPNSfC3z8vZ,"[""5od8t5kD2gVZvbMfYUJTfjy2FdqsAEkd8EeLvcaWQqBG""]",false,0,"null","null",cjg3oHmg9uuPsP8D6g29NWvhySJkdYdAo9D25PRbKXJ,"{""error"":""Error: Unknown instruction, IDL doesnt include this instruction""}","null","null",Error: Unknown instruction, IDL doesnt include this instruction,261b89b4774b34270d87c802ec94296a,2024-02-01 17:23:47.546,2024-02-01 17:23:47.546
2022-12-31 07:35:08.000,170027275,5Cf7erGPBe7NxsX5rd52qiu9epPvyREGfR9wrYQZSgKUM3VYBivYQLWQSUVpF2u43HfgzTtC3g3Bwh79jpnn2dKD,"[""Gb2tVHqnEmXEqcqdv5LSwgEusEyP3Yhwy9Gu7D1VBS9z""]",false,0,"null","null",cjg3oHmg9uuPsP8D6g29NWvhySJkdYdAo9D25PRbKXJ,"{""error"":""Error: Unknown instruction, IDL doesnt include this instruction""}","null","null",Error: Unknown instruction, IDL doesnt include this instruction,5c5df263782c1e21ad1ffbb791f5417b,2024-02-01 17:23:47.546,2024-02-01 17:23:47.546
2022-12-31 00:33:58.000,169972912,2CUUA4erMfBXim5DyfdXyA9GPAkEaSb9umLWP1weiW3XBeEj4FzuBBAHNUTMF5qfeACTbNGnP3rNSQgxjdbEUSUQ,"[""Fhfv8uB5Sux1nWiw4ssDrbDdt26BPB4tfoW4Bm2on3rj""]",false,0,"null","null",cjg3oHmg9uuPsP8D6g29NWvhySJkdYdAo9D25PRbKXJ,"{""error"":""Error: Unknown instruction, IDL doesnt include this instruction""}","null","null",Error: Unknown instruction, IDL doesnt include this instruction,87d98d6cdf5b13251989f16d928de2d6,2024-02-01 17:23:47.546,2024-02-01 17:23:47.546
2022-12-31 03:54:24.000,169998578,4sAfJdEGm9VesEyYQWuqjqm7Vbgq1RKPQDzMcGg2NBTJ4UtfAKiRweqw7X5V61TDQ5X4HM3j5ehpoETZ8NZAqa82,"[""6FpWeQow6SX9ABRMPgdW948fuoMMbEDWWieoPyMuWEVv""]",false,0,"null","null",cjg3oHmg9uuPsP8D6g29NWvhySJkdYdAo9D25PRbKXJ,"{""error"":""Error: Unknown instruction, IDL doesnt include this instruction""}","null","null",Error: Unknown instruction, IDL doesnt include this instruction,663ac49471642289e36338ba0c767354,2024-02-01 17:23:47.546,2024-02-01 17:23:47.546
2022-12-31 05:13:46.000,170008820,5aGFkqojmpSmLG6aMohiqmPANLE4mpg9JZChPCYM7TxjA8BekLd7yxAdqW6GP235n2wTxe52kyHr8vneTCubScHn,"[""DDws22Z91d3ZzxPFCqvh1BWZY1zyZzLzGHVXXQw5bhwc""]",false,0,"null","null",cjg3oHmg9uuPsP8D6g29NWvhySJkdYdAo9D25PRbKXJ,"{""error"":""Error: Unknown instruction, IDL doesnt include this instruction""}","null","null",Error: Unknown instruction, IDL doesnt include this instruction,536b7e0611d7edaa083d6769836dedd3,2024-02-01 17:23:47.546,2024-02-01 17:23:47.546
2022-12-31 09:07:27.000,170039220,63LXKkmdxVm9Abao45UKD51wxHokRmeNsWnb2RF5yk9PXmQSiWE8CqdmvYEm4m4rc8XpaiFQ1H93AQnRVFrG7f8Y,"[""7H2aMNigJrHi5TtXtDtEN9NFQRp5x7GQR48SUWdZ7SnW""]",false,0,"null","null",cjg3oHmg9uuPsP8D6g29NWvhySJkdYdAo9D25PRbKXJ,"{""error"":""Error: Unknown instruction, IDL doesnt include this instruction""}","null","null",Error: Unknown instruction, IDL doesnt include this instruction,856443c3bbad11094fceadad461009de,2024-02-01 17:23:47.546,2024-02-01 17:23:47.546
2022-12-31 09:48:59.000,170044737,5Aabiy8NukgXB2ukavyjzLxxRchYb8myn4ariUL4F2JgADzfw7kHvUt6BYVeod4spsx86zjuiZdRZCtJTzdUSwzo,"[""JB9rUrid4jSmXvVr2M3F6uR2Zw5kzL392iwWyz34W293""]",false,0,"null","null",cjg3oHmg9uuPsP8D6g29NWvhySJkdYdAo9D25PRbKXJ,"{""error"":""Error: Unknown instruction, IDL doesnt include this instruction""}","null","null",Error: Unknown instruction, IDL doesnt include this instruction,22a9ce844d323401f59fde0670cdb958,2024-02-01 17:23:47.546,2024-02-01 17:23:47.546
2022-12-31 06:32:05.000,170019032,3Ehf3MiSmKzdM41NDPdGfym7m9TJLXbzQ43R779T9LZTvSqrhnxJYbYnXm5AzVE88oLrED7q6gduKo6MdE21MDQc,"[""DDws22Z91d3ZzxPFCqvh1BWZY1zyZzLzGHVXXQw5bhwc""]",false,0,"null","null",cjg3oHmg9uuPsP8D6g29NWvhySJkdYdAo9D25PRbKXJ,"{""error"":""Error: Unknown instruction, IDL doesnt include this instruction""}","null","null",Error: Unknown instruction, IDL doesnt include this instruction,15e1b42a573c52943eb66eb930b1f44d,2024-02-01 17:23:47.546,2024-02-01 17:23:47.546
2022-12-31 04:48:51.000,170005563,4Puzyfew9Yt98xuo3p7kP638ixTHTfNvoa5G7GzgiHNooWFdcEnt3sVR7t9AurfoGkXPTe89WgTK2H9TmMvL1dMb,"[""DDws22Z91d3ZzxPFCqvh1BWZY1zyZzLzGHVXXQw5bhwc""]",false,0,"null","null",cjg3oHmg9uuPsP8D6g29NWvhySJkdYdAo9D25PRbKXJ,"{""error"":""Error: Unknown instruction, IDL doesnt include this instruction""}","null","null",Error: Unknown instruction, IDL doesnt include this instruction,5effd6aa26458ef592eac4c36921dc38,2024-02-01 17:23:47.546,2024-02-01 17:23:47.546
2022-12-31 07:16:02.000,170024772,yN2APpbSFx5fnoUR2Wru9SoYAuJPhRa7HUCBycCc2xGTmMrGAiwMd8NPXBCUHcgUAKimKofMaqCstjo34VWQ6az,"[""Fhfv8uB5Sux1nWiw4ssDrbDdt26BPB4tfoW4Bm2on3rj""]",false,0,"null","null",cjg3oHmg9uuPsP8D6g29NWvhySJkdYdAo9D25PRbKXJ,"{""error"":""Error: Unknown instruction, IDL doesnt include this instruction""}","null","null",Error: Unknown instruction, IDL doesnt include this instruction,4512a89b2da266d3f025229809342a00,2024-02-01 17:23:47.546,2024-02-01 17:23:47.546
2022-12-31 05:34:42.000,170011508,4xDTwADWQsP4YXu6ftGhKAoygY5pWJcmmMB16rKuGHxEEqk7JFJX7kG2jAfVJbZ45mgqQVmyc2H3jtLpDfLJBNJt,"[""HQUygbE1xW1JTiQSMxds3VcPe5ZjqzUrCE9gEaweohKK""]",false,0,"null","null",cjg3oHmg9uuPsP8D6g29NWvhySJkdYdAo9D25PRbKXJ,"{""error"":""Error: Unknown instruction, IDL doesnt include this instruction""}","null","null",Error: Unknown instruction, IDL doesnt include this instruction,b325134529cfc8f2cc079d5c320d5cea,2024-02-01 17:23:47.546,2024-02-01 17:23:47.546
2022-12-31 01:56:54.000,169983350,49FaTqxjeJPQtXbBJ6ZmwhRLzWLmnpYHNW9qiTnS9QQQqnemtQu5Dt8BQMnfRUZ8mVfSKhv7yfDn53Bk8bmj6BpQ,"[""6rRiMihF7UdJz25t5QvS7PgP9yzfubN7TBRv26ZBVAhE""]",false,0,"null","null",cjg3oHmg9uuPsP8D6g29NWvhySJkdYdAo9D25PRbKXJ,"{""error"":""Error: Unknown instruction, IDL doesnt include this instruction""}","null","null",Error: Unknown instruction, IDL doesnt include this instruction,3d5a7cec79f35f4f97ed607fbee9fced,2024-02-01 17:23:47.546,2024-02-01 17:23:47.546
2022-12-31 01:10:14.000,169977386,REQWAND9FkNMb7ZDHuWsm4P7m6W9KLNfBWb3u1FuLSCBGiXoUjJY5ovvcu1HGt1qZJGP91tWa7gcLuqs6wYQqtw,"[""5dDyfdy9fannAdHEkYghgQpiPZrQPHadxBLa1WsGHPFi""]",false,0,"null","null",cjg3oHmg9uuPsP8D6g29NWvhySJkdYdAo9D25PRbKXJ,"{""error"":""Error: Unknown instruction, IDL doesnt include this instruction""}","null","null",Error: Unknown instruction, IDL doesnt include this instruction,4b212e0068940603da113d52542a8832,2024-02-01 17:23:47.546,2024-02-01 17:23:47.546
2022-12-31 00:27:41.000,169972136,4TcQ4FqQpaVLtL4xvEuBqZYqoGr79b3eSzw6L2N4RCYngzuMwA6VpQGCc9duLZSd5fewtkVnVwscCLoNhVJPfKjA,"[""6fhjrYHYfhymJsmwLaRBKZXMK2ChYErkteE7jK6h236e""]",false,0,"null","null",cjg3oHmg9uuPsP8D6g29NWvhySJkdYdAo9D25PRbKXJ,"{""error"":""Error: Unknown instruction, IDL doesnt include this instruction""}","null","null",Error: Unknown instruction, IDL doesnt include this instruction,0bdd89a171e92edaab1f19deeb07cb32,2024-02-01 17:23:47.546,2024-02-01 17:23:47.546
2022-12-31 05:56:11.000,170014331,LyaPpuh8XErj6umsW9vVnkZ76EhEpApTaSzZf4LfDAowzSMs43y5LXxg8gzH3kGfUbvPdjEs1V9cX4WHWTQ73yw,"[""Fhfv8uB5Sux1nWiw4ssDrbDdt26BPB4tfoW4Bm2on3rj""]",false,0,"null","null",cjg3oHmg9uuPsP8D6g29NWvhySJkdYdAo9D25PRbKXJ,"{""error"":""Error: Unknown instruction, IDL doesnt include this instruction""}","null","null",Error: Unknown instruction, IDL doesnt include this instruction,21e24169cc3ac07b35b79dcf4c0be235,2024-02-01 17:23:47.546,2024-02-01 17:23:47.546
2022-12-31 07:10:11.000,170024018,4fNyLSUghf92muNWCQPvwyMrNHXJxSXa1vi62qNzYgyXmtQLARkKvmdkXuedDZJhgd1hRN4ifaSPiw5CU4vzD9AM,"[""6fhjrYHYfhymJsmwLaRBKZXMK2ChYErkteE7jK6h236e""]",false,0,"null","null",cjg3oHmg9uuPsP8D6g29NWvhySJkdYdAo9D25PRbKXJ,"{""error"":""Error: Unknown instruction, IDL doesnt include this instruction""}","null","null",Error: Unknown instruction, IDL doesnt include this instruction,1b66336ebe311ff7b2cbd8ef4dc005a0,2024-02-01 17:23:47.546,2024-02-01 17:23:47.546
2022-12-31 02:59:50.000,169991496,3iuuiJS4iMjJNDngq25pTLWjy67KmAZMccus1Mru9fLZkyPMt9LF6gq78RkF3PNKCnXpgvGYaxGxXvQYSfaNTtNM,"[""5od8t5kD2gVZvbMfYUJTfjy2FdqsAEkd8EeLvcaWQqBG""]",true,0,"null","null",cjg3oHmg9uuPsP8D6g29NWvhySJkdYdAo9D25PRbKXJ,"{""error"":""Error: Unknown instruction, IDL doesnt include this instruction""}","null","null",Error: Unknown instruction, IDL doesnt include this instruction,0832f790ed3b3675d1b3e83cb960128c,2024-02-01 17:23:47.546,2024-02-01 17:23:47.546
2022-12-31 00:43:14.000,169974060,fnjQH5XRB1Eqd1zVxxw4BYPQ6N3U5ELHS8nDUdea1tDJ1EGFHGgLn8ddbZ4xWjYqLMrCevCmn5P5DvY3ujLLnrj,"[""9xmyHHdJvryP82a1QwzcAueFhGHG9NfdfSdPp64xduCG""]",true,0,"null","null",cjg3oHmg9uuPsP8D6g29NWvhySJkdYdAo9D25PRbKXJ,"{""error"":""Error: Unknown instruction, IDL doesnt include this instruction""}","null","null",Error: Unknown instruction, IDL doesnt include this instruction,be227dc4798b03eb36635252b42f8fc4,2024-02-01 17:23:47.546,2024-02-01 17:23:47.546
2022-12-31 02:32:10.000,169987922,3mH9CXRrrXaSWvuNRh2KJqoMmmJXGHed84c5Zp3PXimj4urwRY65pFK3TuEUikZaYFaNkNg1bY23jSReiX6qSKa4,"[""Fhfv8uB5Sux1nWiw4ssDrbDdt26BPB4tfoW4Bm2on3rj""]",false,0,"null","null",cjg3oHmg9uuPsP8D6g29NWvhySJkdYdAo9D25PRbKXJ,"{""error"":""Error: Unknown instruction, IDL doesnt include this instruction""}","null","null",Error: Unknown instruction, IDL doesnt include this instruction,f6ea802f41a10cd752d244706bae36ea,2024-02-01 17:23:47.546,2024-02-01 17:23:47.546
2022-12-31 01:08:26.000,169977170,5ZU4SSSgB4KP1WZW739Ch5cQbdVC7xeCPQNgYLVAm2ArDunJnEX9s47EYzHtFc1CYWSj2DrPj4o1q6B8edhGUa8i,"[""8c8inJVLSSvF9Kgxm4YJ88v5bNUS3wDRX23GFgbVjXxU""]",false,0,"null","null",cjg3oHmg9uuPsP8D6g29NWvhySJkdYdAo9D25PRbKXJ,"{""error"":""Error: Unknown instruction, IDL doesnt include this instruction""}","null","null",Error: Unknown instruction, IDL doesnt include this instruction,80f1dde3dabb7c76f951e9df844389b6,2024-02-01 17:23:47.546,2024-02-01 17:23:47.546
2022-12-31 06:47:15.000,170021024,ESVcEF6UJYgH22sw3Evy2hsav4u1W1fPriw46JimMinYQ59ba6VEyrqPVYWhtDjShAqD4aBafDwPBkSpjgRBx96,"[""5od8t5kD2gVZvbMfYUJTfjy2FdqsAEkd8EeLvcaWQqBG""]",false,0,"null","null",cjg3oHmg9uuPsP8D6g29NWvhySJkdYdAo9D25PRbKXJ,"{""error"":""Error: Unknown instruction, IDL doesnt include this instruction""}","null","null",Error: Unknown instruction, IDL doesnt include this instruction,8006c90d0dd3449cc548ce16679e9bf6,2024-02-01 17:23:47.546,2024-02-01 17:23:47.546
2022-12-31 10:38:45.000,170051284,59WeeyFW2ExANUNbEDcp2JwybNvN7tbvMLrq8PCUirQNbuJRhTGyf4GBynE8XEu6v3UxHvzCFCArxDu6T7kydiHa,"[""7H2aMNigJrHi5TtXtDtEN9NFQRp5x7GQR48SUWdZ7SnW""]",false,0,"null","null",cjg3oHmg9uuPsP8D6g29NWvhySJkdYdAo9D25PRbKXJ,"{""error"":""Error: Unknown instruction, IDL doesnt include this instruction""}","null","null",Error: Unknown instruction, IDL doesnt include this instruction,45405d9e11cbf2ffe0bac9390709e1d6,2024-02-01 17:23:47.546,2024-02-01 17:23:47.546
2022-12-31 09:19:39.000,170040843,2Hf6XZHJNWRHWrET7ijdWahB9q7M2c1wYgzxWEvYHwP8aPf7VDDWVrtPCbsdgYzNEBv45zwcVj76jEQuHKEkriBC,"[""BEMZ2yGTwLfxb1tmWHJzURaDSwobp5L6Z6JKMATMyYK3""]",false,0,"null","null",cjg3oHmg9uuPsP8D6g29NWvhySJkdYdAo9D25PRbKXJ,"{""error"":""Error: Unknown instruction, IDL doesnt include this instruction""}","null","null",Error: Unknown instruction, IDL doesnt include this instruction,70db677713d7c3af3c1e2add291199f1,2024-02-01 17:23:47.546,2024-02-01 17:23:47.546
2022-12-31 08:41:54.000,170035889,424o8jiNvozLkkRVrMPRQWVBJmPWuPgUyLXcQqSnTMp3DrLAL8vfLkSHM2yFW6LF9Cpg2DEN4SukiioHJSmUm7Qk,"[""9xmyHHdJvryP82a1QwzcAueFhGHG9NfdfSdPp64xduCG""]",true,0,"null","null",cjg3oHmg9uuPsP8D6g29NWvhySJkdYdAo9D25PRbKXJ,"{""error"":""Error: Unknown instruction, IDL doesnt include this instruction""}","null","null",Error: Unknown instruction, IDL doesnt include this instruction,5bc14197b59b60f04f603c65caec0030,2024-02-01 17:23:47.546,2024-02-01 17:23:47.546
2022-12-31 10:03:28.000,170046677,5LpYqNALcwY2Fkx5Lyv75K2wGfjPMSvv5GwFi5mLvYo8uPWbZJy8315wtC6LNQsM1cPiECMjzER992RJCWTzxVTE,"[""JB9rUrid4jSmXvVr2M3F6uR2Zw5kzL392iwWyz34W293""]",false,0,"null","null",cjg3oHmg9uuPsP8D6g29NWvhySJkdYdAo9D25PRbKXJ,"{""error"":""Error: Unknown instruction, IDL doesnt include this instruction""}","null","null",Error: Unknown instruction, IDL doesnt include this instruction,b639efd8cfc41dfdb0bb3117fdf380c3,2024-02-01 17:23:47.546,2024-02-01 17:23:47.546
2022-12-31 07:08:29.000,170023817,2gfJuWb9vgood2i9YhMrLdGWYiNZWQP58ge1avdGbwRp4X21QfRZ4RZnQsyCehjcziipWw3CVFz5AWL1GznCJi1E,"[""6rRiMihF7UdJz25t5QvS7PgP9yzfubN7TBRv26ZBVAhE""]",false,0,"null","null",cjg3oHmg9uuPsP8D6g29NWvhySJkdYdAo9D25PRbKXJ,"{""error"":""Error: Unknown instruction, IDL doesnt include this instruction""}","null","null",Error: Unknown instruction, IDL doesnt include this instruction,d546862809621b58350cf27e78cea9d1,2024-02-01 17:23:47.546,2024-02-01 17:23:47.546
2022-12-31 07:25:34.000,170026010,5uoZHutfpUrTscuHupARQyKEfparh434gqRDkqTGV5GAZeHEpcC18vy7C8EjAf4mdtZc3vkN6pV7WbDJ9Ah5CXCL,"[""BEMZ2yGTwLfxb1tmWHJzURaDSwobp5L6Z6JKMATMyYK3""]",false,0,"null","null",cjg3oHmg9uuPsP8D6g29NWvhySJkdYdAo9D25PRbKXJ,"{""error"":""Error: Unknown instruction, IDL doesnt include this instruction""}","null","null",Error: Unknown instruction, IDL doesnt include this instruction,9d217f003be6b481910f0b9537c47560,2024-02-01 17:23:47.546,2024-02-01 17:23:47.546
2022-12-31 09:59:19.000,170046129,83UjSUKczWpFZTYfxBjPg1oTiGU5koLPA4qZczPj8RMBA27KvMpovzT1bNKmuiPTVJHYZbvmCyEDWxR2Vks9ezd,"[""JB9rUrid4jSmXvVr2M3F6uR2Zw5kzL392iwWyz34W293""]",false,0,"null","null",cjg3oHmg9uuPsP8D6g29NWvhySJkdYdAo9D25PRbKXJ,"{""error"":""Error: Unknown instruction, IDL doesnt include this instruction""}","null","null",Error: Unknown instruction, IDL doesnt include this instruction,560b6b7a5e92d5abbe269f8a98d1c955,2024-02-01 17:23:47.546,2024-02-01 17:23:47.546
2022-12-31 05:44:39.000,170012820,57BkjM3TbphdRrVXQadcGFAwvt13JUXYYh9WbtgKJ81jpu46zNoPJVK99PHDanZdeqGUJU2LaJPAhhWedKTv9At,"[""5dDyfdy9fannAdHEkYghgQpiPZrQPHadxBLa1WsGHPFi""]",false,0,"null","null",cjg3oHmg9uuPsP8D6g29NWvhySJkdYdAo9D25PRbKXJ,"{""error"":""Error: Unknown instruction, IDL doesnt include this instruction""}","null","null",Error: Unknown instruction, IDL doesnt include this instruction,e06eeceffd509586b133834634c795c5,2024-02-01 17:23:47.546,2024-02-01 17:23:47.546
2022-12-31 01:37:16.000,169980872,3rstSdQMLcTsRY6c1XjRfTqpTbWUYB16EKBe7LKKwRLuprHUCZq8EEaLW9mHmXuPcSQXUY2eNzc5ThuDieT9LxHn,"[""5od8t5kD2gVZvbMfYUJTfjy2FdqsAEkd8EeLvcaWQqBG""]",false,0,"null","null",cjg3oHmg9uuPsP8D6g29NWvhySJkdYdAo9D25PRbKXJ,"{""error"":""Error: Unknown instruction, IDL doesnt include this instruction""}","null","null",Error: Unknown instruction, IDL doesnt include this instruction,4bef5def871ae928e7b660e195ee0119,2024-02-01 17:23:47.546,2024-02-01 17:23:47.546
2022-12-31 10:04:53.000,170046864,4RZjcUBRacG84um2ecK6qoU8i36E9L7cPm2ndoVLrcT3DNbgqaaCjPYiJmp15JjTSSYXvn8qJU6k2wSLwj3oiy1c,"[""BEMZ2yGTwLfxb1tmWHJzURaDSwobp5L6Z6JKMATMyYK3""]",false,0,"null","null",cjg3oHmg9uuPsP8D6g29NWvhySJkdYdAo9D25PRbKXJ,"{""error"":""Error: Unknown instruction, IDL doesnt include this instruction""}","null","null",Error: Unknown instruction, IDL doesnt include this instruction,fe4beaebcf84571c1255ca733c4c2665,2024-02-01 17:23:47.546,2024-02-01 17:23:47.546
2022-12-31 05:50:51.000,170013631,4VFUBLVC5QZswsgg9Dj7574iVgMPqAUFmaapKEB1ZGs3uKWoejqr8M7xjkL4nwC8JbfB5QvyJYVBJ88SQgWp2K9r,"[""DDws22Z91d3ZzxPFCqvh1BWZY1zyZzLzGHVXXQw5bhwc""]",false,0,"null","null",cjg3oHmg9uuPsP8D6g29NWvhySJkdYdAo9D25PRbKXJ,"{""error"":""Error: Unknown instruction, IDL doesnt include this instruction""}","null","null",Error: Unknown instruction, IDL doesnt include this instruction,5d8114f30aa12611a535c117b49d4900,2024-02-01 17:23:47.546,2024-02-01 17:23:47.546
2022-12-31 00:08:38.000,169969829,3LuF5D4gZ2574o2cFJdbmp3ayL9rKR8S74WDXHRRYZq1RaVs8U3swn3BsxT35vYRZMxBZJt7ZPiM35hQwLXmQCH6,"[""6rRiMihF7UdJz25t5QvS7PgP9yzfubN7TBRv26ZBVAhE""]",false,0,"null","null",cjg3oHmg9uuPsP8D6g29NWvhySJkdYdAo9D25PRbKXJ,"{""error"":""Error: Unknown instruction, IDL doesnt include this instruction""}","null","null",Error: Unknown instruction, IDL doesnt include this instruction,80fe290c900abedc1816d30629a2ea29,2024-02-01 17:23:47.546,2024-02-01 17:23:47.546
2022-12-31 05:30:58.000,170011056,3Bm1q4hEEu9FxVbSZYbzLDp8ME11suQ69u2u1ose9F6613UEF9TkdQ1U5j84VPX2kaYoNwzRaL2kVsMAsahwT12c,"[""HQUygbE1xW1JTiQSMxds3VcPe5ZjqzUrCE9gEaweohKK""]",false,0,"null","null",cjg3oHmg9uuPsP8D6g29NWvhySJkdYdAo9D25PRbKXJ,"{""error"":""Error: Unknown instruction, IDL doesnt include this instruction""}","null","null",Error: Unknown instruction, IDL doesnt include this instruction,e5d30d1778bf2f378251d59a57827292,2024-02-01 17:23:47.546,2024-02-01 17:23:47.546
ï»¿